year,state,state_po,state_fips,dem,other,rep,totalvotes,dem_pct,rep_pct,other_pct,d_r_diff
1976,ALASKA,AK,02,44058,7961,71555,123574,35.65,57.9,6.44,-22.25
1976,ALABAMA,AL,01,659170,19610,504070,1182850,55.73,42.61,1.66,13.12
1976,ARKANSAS,AR,05,498604,1028,267903,767535,64.96,34.9,0.13,30.06
1976,ARIZONA,AZ,04,295602,28475,418642,742719,39.8,56.37,3.83,-16.57
1976,CALIFORNIA,CA,06,3742284,179242,3882244,7803770,47.95,49.75,2.3,-1.8
1976,COLORADO,CO,08,460801,36361,584278,1081440,42.61,54.03,3.36,-11.42
1976,CONNECTICUT,CT,09,647895,19199,719261,1386355,46.73,51.88,1.38,-5.15
1976,DISTRICT OF COLUMBIA,DC,11,137818,3139,27873,168830,81.63,16.51,1.86,65.12
1976,DELAWARE,DE,10,122461,3401,109780,235642,51.97,46.59,1.44,5.38
1976,FLORIDA,FL,12,1636000,45100,1469531,3150631,51.93,46.64,1.43,5.29
1976,GEORGIA,GA,13,979409,0,483743,1463152,66.94,33.06,0.0,33.88
1976,HAWAII,HI,15,147375,3923,140003,291301,50.59,48.06,1.35,2.53
1976,IOWA,IA,19,619931,26508,632864,1279303,48.46,49.47,2.07,-1.01
1976,IDAHO,ID,16,126549,10232,204151,340932,37.12,59.88,3.0,-22.76
1976,ILLINOIS,IL,17,2271295,85718,2364269,4721282,48.11,50.08,1.82,-1.97
1976,INDIANA,IN,18,1014714,21690,1183958,2220362,45.7,53.32,0.98,-7.62
1976,KANSAS,KS,20,430421,24672,502752,957845,44.94,52.49,2.58,-7.55
1976,KENTUCKY,KY,21,615717,19573,531852,1167142,52.75,45.57,1.68,7.18
1976,LOUISIANA,LA,22,661365,28572,587446,1277383,51.77,45.99,2.24,5.78
1976,MASSACHUSETTS,MA,25,1429475,87807,1030276,2547558,56.11,40.44,3.45,15.67
1976,MARYLAND,MD,24,759612,0,672661,1432273,53.04,46.96,0.0,6.08
1976,MAINE,ME,23,232279,14369,236320,482968,48.09,48.93,2.98,-0.84
1976,MICHIGAN,MI,26,1696714,61134,1893742,3651590,46.47,51.86,1.67,-5.39
1976,MINNESOTA,MN,27,1070440,60096,819395,1949931,54.9,42.02,3.08,12.88
1976,MISSOURI,MO,29,998387,27770,927443,1953600,51.1,47.47,1.42,3.63
1976,MISSISSIPPI,MS,28,381329,20215,366846,768390,49.63,47.74,2.63,1.89
1976,MONTANA,MT,30,149259,5772,173703,328734,45.4,52.84,1.76,-7.44
1976,NORTH CAROLINA,NC,37,927365,8581,741960,1677906,55.27,44.22,0.51,11.05
1976,NORTH DAKOTA,ND,38,136078,7546,153684,297308,45.77,51.69,2.54,-5.92
1976,NEBRASKA,NE,31,233293,14237,359219,606749,38.45,59.2,2.35,-20.75
1976,NEW HAMPSHIRE,NH,33,147645,6047,185935,339627,43.47,54.75,1.78,-11.28
1976,NEW JERSEY,NJ,34,1444653,60131,1509688,3014472,47.92,50.08,1.99,-2.16
1976,NEW MEXICO,NM,35,201148,4023,211419,416590,48.28,50.75,0.97,-2.47
1976,NEVADA,NV,32,92479,8124,101273,201876,45.81,50.17,4.02,-4.36
1976,NEW YORK,NY,36,3244165,598184,2825913,6668262,48.65,42.38,8.97,6.27
1976,OHIO,OH,39,2009959,99871,2000626,4110456,48.9,48.67,2.43,0.23
1976,OKLAHOMA,OK,40,532442,14101,545708,1092251,48.75,49.96,1.29,-1.21
1976,OREGON,OR,41,490407,47349,492120,1029876,47.62,47.78,4.6,-0.16
1976,PENNSYLVANIA,PA,42,2328677,86506,2205604,4620787,50.4,47.73,1.87,2.67
1976,RHODE ISLAND,RI,44,227636,1699,181249,410584,55.44,44.14,0.41,11.3
1976,SOUTH CAROLINA,SC,45,450807,5627,346149,802583,56.17,43.13,0.7,13.04
1976,SOUTH DAKOTA,SD,46,147068,2105,151505,300678,48.91,50.39,0.7,-1.48
1976,TENNESSEE,TN,47,825879,16498,633969,1476346,55.94,42.94,1.12,13.0
1976,TEXAS,TX,48,2082319,36265,1953300,4071884,51.14,47.97,0.89,3.17
1976,UTAH,UT,49,182110,21200,337908,541218,33.65,62.43,3.92,-28.78
1976,VIRGINIA,VA,51,813896,46644,836554,1697094,47.96,49.29,2.75,-1.33
1976,VERMONT,VT,50,77798,5717,100387,183902,42.3,54.59,3.11,-12.29
1976,WASHINGTON,WA,53,717323,60479,777732,1555534,46.11,50.0,3.89,-3.89
1976,WISCONSIN,WI,55,1040232,56117,1004987,2101336,49.5,47.83,2.67,1.67
1976,WEST VIRGINIA,WV,54,435864,0,314726,750590,58.07,41.93,0.0,16.14
1976,WYOMING,WY,56,62239,1387,92717,156343,39.81,59.3,0.89,-19.49
1980,ALASKA,AK,02,41842,30491,86112,158445,26.41,54.35,19.24,-27.94
1980,ALABAMA,AL,01,636730,51007,654192,1341929,47.45,48.75,3.8,-1.3
1980,ARKANSAS,AR,05,398041,36377,403164,837582,47.52,48.13,4.34,-0.61
1980,ARIZONA,AZ,04,246843,97414,529688,873945,28.24,60.61,11.15,-32.37
1980,CALIFORNIA,CA,06,3082943,977001,4522994,8582938,35.92,52.7,11.38,-16.78
1980,COLORADO,CO,08,368009,164177,652264,1184450,31.07,55.07,13.86,-24.0
1980,CONNECTICUT,CT,09,541732,187343,677210,1406285,38.52,48.16,13.32,-9.64
1980,DISTRICT OF COLUMBIA,DC,11,130231,20345,23313,173889,74.89,13.41,11.7,61.48
1980,DELAWARE,DE,10,105754,18662,111252,235668,44.87,47.21,7.92,-2.34
1980,FLORIDA,FL,12,1419475,220501,2046951,3686927,38.5,55.52,5.98,-17.02
1980,GEORGIA,GA,13,890955,51682,654168,1596805,55.8,40.97,3.24,14.83
1980,HAWAII,HI,15,135879,37296,130112,303287,44.8,42.9,12.3,1.9
1980,IOWA,IA,19,508672,132963,676026,1317661,38.6,51.31,10.09,-12.71
1980,IDAHO,ID,16,110192,36540,290699,437431,25.19,66.46,8.35,-41.27
1980,ILLINOIS,IL,17,1981413,410259,2358049,4749721,41.72,49.65,8.64,-7.93
1980,INDIANA,IN,18,844197,142180,1255656,2242033,37.65,56.01,6.34,-18.36
1980,KANSAS,KS,20,326150,86833,566812,979795,33.29,57.85,8.86,-24.56
1980,KENTUCKY,KY,21,617417,42936,635274,1295627,47.65,49.03,3.31,-1.38
1980,LOUISIANA,LA,22,708453,47285,792853,1548591,45.75,51.2,3.05,-5.45
1980,MASSACHUSETTS,MA,25,1053802,412657,1057631,2524090,41.75,41.9,16.35,-0.15
1980,MARYLAND,MD,24,726161,133729,680606,1540496,47.14,44.18,8.68,2.96
1980,MAINE,ME,23,220974,63515,238522,523011,42.25,45.61,12.14,-3.36
1980,MICHIGAN,MI,26,1661532,332968,1915225,3909725,42.5,48.99,8.52,-6.49
1980,MINNESOTA,MN,27,954173,224475,873268,2051916,46.5,42.56,10.94,3.94
1980,MISSOURI,MO,29,931182,94461,1074181,2099824,44.35,51.16,4.5,-6.81
1980,MISSISSIPPI,MS,28,429281,21380,441089,891750,48.14,49.46,2.4,-1.32
1980,MONTANA,MT,30,118032,39106,206814,363952,32.43,56.82,10.74,-24.39
1980,NORTH CAROLINA,NC,37,875635,65180,915018,1855833,47.18,49.3,3.51,-2.12
1980,NORTH DAKOTA,ND,38,79189,28232,193695,301116,26.3,64.33,9.38,-38.03
1980,NEBRASKA,NE,31,166424,53895,419214,639533,26.02,65.55,8.43,-39.53
1980,NEW HAMPSHIRE,NH,33,108864,53421,221705,383990,28.35,57.74,13.91,-29.39
1980,NEW JERSEY,NJ,34,1147364,281763,1546557,2975684,38.56,51.97,9.47,-13.41
1980,NEW MEXICO,NM,35,167826,37632,250779,456237,36.78,54.97,8.25,-18.19
1980,NEVADA,NV,32,66666,22009,155017,243692,27.36,63.61,9.03,-36.25
1980,NEW YORK,NY,36,2728372,835887,2637700,6201959,43.99,42.53,13.48,1.46
1980,OHIO,OH,39,1752414,324644,2206545,4283603,40.91,51.51,7.58,-10.6
1980,OKLAHOMA,OK,40,402026,52112,695570,1149708,34.97,60.5,4.53,-25.53
1980,OREGON,OR,41,456890,153582,571044,1181516,38.67,48.33,13.0,-9.66
1980,PENNSYLVANIA,PA,42,1937540,362089,2261872,4561501,42.48,49.59,7.94,-7.11
1980,RHODE ISLAND,RI,44,198342,62832,154793,415967,47.68,37.21,15.11,10.47
1980,SOUTH CAROLINA,SC,45,428220,20761,439277,888258,48.21,49.45,2.34,-1.24
1980,SOUTH DAKOTA,SD,46,103855,25505,198343,327703,31.69,60.53,7.78,-28.84
1980,TENNESSEE,TN,47,783051,46804,787761,1617616,48.41,48.7,2.89,-0.29
1980,TEXAS,TX,48,1881147,149784,2510705,4541636,41.42,55.28,3.3,-13.86
1980,UTAH,UT,49,124266,40199,439687,604152,20.57,72.78,6.65,-52.21
1980,VIRGINIA,VA,51,752174,124249,989609,1866032,40.31,53.03,6.66,-12.72
1980,VERMONT,VT,50,81952,36719,94628,213299,38.42,44.36,17.21,-5.94
1980,WASHINGTON,WA,53,650193,226957,865244,1742394,37.32,49.66,13.03,-12.34
1980,WISCONSIN,WI,55,981584,202792,1088845,2273221,43.18,47.9,8.92,-4.72
1980,WEST VIRGINIA,WV,54,367462,36047,334206,737715,49.81,45.3,4.89,4.51
1980,WYOMING,WY,56,49427,16586,110700,176713,27.97,62.64,9.39,-34.67
1984,ALASKA,AK,02,62007,7221,138377,207605,29.87,66.65,3.48,-36.78
1984,ALABAMA,AL,01,551899,16965,872849,1441713,38.28,60.54,1.18,-22.26
1984,ARKANSAS,AR,05,338646,10986,534774,884406,38.29,60.47,1.24,-22.18
1984,ARIZONA,AZ,04,333854,10627,681416,1025897,32.54,66.42,1.04,-33.88
1984,CALIFORNIA,CA,06,3922519,115513,5467009,9505041,41.27,57.52,1.22,-16.25
1984,COLORADO,CO,08,454975,18588,821817,1295380,35.12,63.44,1.43,-28.32
1984,CONNECTICUT,CT,09,569597,6426,890877,1466900,38.83,60.73,0.44,-21.9
1984,DISTRICT OF COLUMBIA,DC,11,180408,1871,29009,211288,85.38,13.73,0.89,71.65
1984,DELAWARE,DE,10,101656,726,152190,254572,39.93,59.78,0.29,-19.85
1984,FLORIDA,FL,12,1448816,885,2730350,4180051,34.66,65.32,0.02,-30.66
1984,GEORGIA,GA,13,706628,753,1068722,1776103,39.79,60.17,0.04,-20.38
1984,HAWAII,HI,15,147154,3642,185050,335846,43.82,55.1,1.08,-11.28
1984,IOWA,IA,19,605620,11097,703088,1319805,45.89,53.27,0.84,-7.38
1984,IDAHO,ID,16,108510,5111,297523,411144,26.39,72.36,1.24,-45.97
1984,ILLINOIS,IL,17,2086499,25486,2707103,4819088,43.3,56.17,0.53,-12.87
1984,INDIANA,IN,18,841481,14358,1377230,2233069,37.68,61.67,0.64,-23.99
1984,KANSAS,KS,20,333149,11546,677296,1021991,32.6,66.27,1.13,-33.67
1984,KENTUCKY,KY,21,539539,8104,821702,1369345,39.4,60.01,0.59,-20.61
1984,LOUISIANA,LA,22,651586,17937,1037299,1706822,38.18,60.77,1.05,-22.59
1984,MASSACHUSETTS,MA,25,1239606,8841,1310936,2559383,48.43,51.22,0.35,-2.79
1984,MARYLAND,MD,24,787935,8020,879918,1675873,47.02,52.51,0.48,-5.49
1984,MAINE,ME,23,214515,2129,336500,553144,38.78,60.83,0.38,-22.05
1984,MICHIGAN,MI,26,1529638,20449,2251571,3801658,40.24,59.23,0.54,-18.99
1984,MINNESOTA,MN,27,1036364,15482,1032603,2084449,49.72,49.54,0.74,0.18
1984,MISSOURI,MO,29,848583,0,1274188,2122771,39.98,60.02,0.0,-20.04
1984,MISSISSIPPI,MS,28,352192,6535,582377,941104,37.42,61.88,0.69,-24.46
1984,MONTANA,MT,30,146742,5185,232450,384377,38.18,60.47,1.35,-22.29
1984,NORTH CAROLINA,NC,37,824287,4593,1346481,2175361,37.89,61.9,0.21,-24.01
1984,NORTH DAKOTA,ND,38,104429,4206,200336,308971,33.8,64.84,1.36,-31.04
1984,NEBRASKA,NE,31,187866,4170,460054,652090,28.81,70.55,0.64,-41.74
1984,NEW HAMPSHIRE,NH,33,120347,1507,267050,388904,30.95,68.67,0.39,-37.72
1984,NEW JERSEY,NJ,34,1261323,22909,1933630,3217862,39.2,60.09,0.71,-20.89
1984,NEW MEXICO,NM,35,201769,5500,307101,514370,39.23,59.7,1.07,-20.47
1984,NEVADA,NV,32,91655,2292,188770,282717,32.42,66.77,0.81,-34.35
1984,NEW YORK,NY,36,3001285,429006,3376519,6806810,44.09,49.61,6.3,-5.52
1984,OHIO,OH,39,1825440,59236,2678559,4563235,40.0,58.7,1.3,-18.7
1984,OKLAHOMA,OK,40,385080,9066,861530,1255676,30.67,68.61,0.72,-37.94
1984,OREGON,OR,41,536479,4348,685700,1226527,43.74,55.91,0.35,-12.17
1984,PENNSYLVANIA,PA,42,2228131,32449,2584323,4844903,45.99,53.34,0.67,-7.35
1984,RHODE ISLAND,RI,44,197106,1303,212080,410489,48.02,51.67,0.32,-3.65
1984,SOUTH CAROLINA,SC,45,344459,8531,615539,968529,35.57,63.55,0.88,-27.98
1984,SOUTH DAKOTA,SD,46,116113,1487,200267,317867,36.53,63.0,0.47,-26.47
1984,TENNESSEE,TN,47,711714,10067,990212,1711993,41.57,57.84,0.59,-16.27
1984,TEXAS,TX,48,1949276,14867,3433428,5397571,36.11,63.61,0.28,-27.5
1984,UTAH,UT,49,155369,5182,469105,629656,24.68,74.5,0.82,-49.82
1984,VIRGINIA,VA,51,796250,13307,1337078,2146635,37.09,62.29,0.62,-25.2
1984,VERMONT,VT,50,95730,2966,135865,234561,40.81,57.92,1.26,-17.11
1984,WASHINGTON,WA,53,798352,24888,1051670,1874910,42.58,56.09,1.33,-13.51
1984,WISCONSIN,WI,55,995740,17365,1198584,2211689,45.02,54.19,0.79,-9.17
1984,WEST VIRGINIA,WV,54,328125,2134,405483,735742,44.6,55.11,0.29,-10.51
1984,WYOMING,WY,56,53370,2357,133241,188968,28.24,70.51,1.25,-42.27
1988,ALASKA,AK,02,72584,8281,119251,200116,36.27,59.59,4.14,-23.32
1988,ALABAMA,AL,01,549506,13394,815576,1378476,39.86,59.17,0.97,-19.31
1988,ARKANSAS,AR,05,349237,11923,466578,827738,42.19,56.37,1.44,-14.18
1988,ARIZONA,AZ,04,454029,15303,702541,1171873,38.74,59.95,1.31,-21.21
1988,CALIFORNIA,CA,06,4702233,129915,5054917,9887065,47.56,51.13,1.31,-3.57
1988,COLORADO,CO,08,621453,22764,728177,1372394,45.28,53.06,1.66,-7.78
1988,CONNECTICUT,CT,09,676584,16569,750241,1443394,46.87,51.98,1.15,-5.11
1988,DISTRICT OF COLUMBIA,DC,11,159407,5880,27590,192877,82.65,14.3,3.05,68.35
1988,DELAWARE,DE,10,108647,1605,139639,249891,43.48,55.88,0.64,-12.4
1988,FLORIDA,FL,12,1656701,26727,2618885,4302313,38.51,60.87,0.62,-22.36
1988,GEORGIA,GA,13,714792,13549,1081331,1809672,39.5,59.75,0.75,-20.25
1988,HAWAII,HI,15,192364,3472,158625,354461,54.27,44.75,0.98,9.52
1988,IOWA,IA,19,670557,9702,545355,1225614,54.71,44.5,0.79,10.21
1988,IDAHO,ID,16,147272,7815,253881,408968,36.01,62.08,1.91,-26.07
1988,ILLINOIS,IL,17,2215940,32241,2310939,4559120,48.6,50.69,0.71,-2.09
1988,INDIANA,IN,18,860643,10215,1297763,2168621,39.69,59.84,0.47,-20.15
1988,KANSAS,KS,20,422636,16359,554049,993044,42.56,55.79,1.65,-13.23
1988,KENTUCKY,KY,21,580368,7868,734281,1322517,43.88,55.52,0.59,-11.64
1988,LOUISIANA,LA,22,717460,27040,883702,1628202,44.06,54.27,1.66,-10.21
1988,MASSACHUSETTS,MA,25,1401415,36751,1194635,2632801,53.23,45.38,1.4,7.85
1988,MARYLAND,MD,24,826304,11887,876167,1714358,48.2,51.11,0.69,-2.91
1988,MAINE,ME,23,243569,4335,307131,555035,43.88,55.34,0.78,-11.46
1988,MICHIGAN,MI,26,1675783,27894,1965486,3669163,45.67,53.57,0.76,-7.9
1988,MINNESOTA,MN,27,1109471,24982,962337,2096790,52.91,45.9,1.19,7.01
1988,MISSOURI,MO,29,1001619,6656,1084953,2093228,47.85,51.83,0.32,-3.98
1988,MISSISSIPPI,MS,28,363921,9716,557890,931527,39.07,59.89,1.04,-20.82
1988,MONTANA,MT,30,168936,6326,190412,365674,46.2,52.07,1.73,-5.87
1988,NORTH CAROLINA,NC,37,890167,6945,1237258,2134370,41.71,57.97,0.33,-16.26
1988,NORTH DAKOTA,ND,38,127739,2963,166559,297261,42.97,56.03,1.0,-13.06
1988,NEBRASKA,NE,31,259235,4274,397956,661465,39.19,60.16,0.65,-20.97
1988,NEW HAMPSHIRE,NH,33,163696,5292,281537,450525,36.33,62.49,1.17,-26.16
1988,NEW JERSEY,NJ,34,1320352,36009,1743192,3099553,42.6,56.24,1.16,-13.64
1988,NEW MEXICO,NM,35,244497,6549,270341,521387,46.89,51.85,1.26,-4.96
1988,NEVADA,NV,32,132738,4355,206040,343133,38.68,60.05,1.27,-21.37
1988,NEW YORK,NY,36,3255487,391782,2838414,6485683,50.19,43.76,6.04,6.43
1988,OHIO,OH,39,1939629,37407,2416549,4393585,44.15,55.0,0.85,-10.85
1988,OKLAHOMA,OK,40,483423,9246,678367,1171036,41.28,57.93,0.79,-16.65
1988,OREGON,OR,41,616206,25362,560126,1201694,51.28,46.61,2.11,4.67
1988,PENNSYLVANIA,PA,42,2194944,41220,2300087,4536251,48.39,50.7,0.91,-2.31
1988,RHODE ISLAND,RI,44,225123,1738,177761,404622,55.64,43.93,0.43,11.71
1988,SOUTH CAROLINA,SC,45,370554,9012,606443,986009,37.58,61.5,0.91,-23.92
1988,SOUTH DAKOTA,SD,46,145560,2016,165415,312991,46.51,52.85,0.64,-6.34
1988,TENNESSEE,TN,47,679794,9223,947233,1636250,41.55,57.89,0.56,-16.34
1988,TEXAS,TX,48,2352748,37833,3036829,5427410,43.35,55.95,0.7,-12.6
1988,UTAH,UT,49,207343,11223,428442,647008,32.05,66.22,1.73,-34.17
1988,VIRGINIA,VA,51,859799,22648,1309162,2191609,39.23,59.74,1.03,-20.51
1988,VERMONT,VT,50,115775,3222,124331,243328,47.58,51.1,1.32,-3.52
1988,WASHINGTON,WA,53,933516,27902,903835,1865253,50.05,48.46,1.5,1.59
1988,WISCONSIN,WI,55,1126794,17315,1047499,2191608,51.41,47.8,0.79,3.61
1988,WEST VIRGINIA,WV,54,341016,2230,310065,653311,52.2,47.46,0.34,4.74
1988,WYOMING,WY,56,67113,2571,106867,176551,38.01,60.53,1.46,-22.52
1992,ALASKA,AK,02,78294,78212,102000,258506,30.29,39.46,30.26,-9.17
1992,ALABAMA,AL,01,690080,193697,804283,1688060,40.88,47.65,11.47,-6.77
1992,ARKANSAS,AR,05,505823,107506,337324,950653,53.21,35.48,11.31,17.73
1992,ARIZONA,AZ,04,543050,371839,572086,1486975,36.52,38.47,25.01,-1.95
1992,CALIFORNIA,CA,06,5121325,2379822,3630574,11131721,46.01,32.61,21.38,13.4
1992,COLORADO,CO,08,629955,376375,562850,1569180,40.15,35.87,23.99,4.28
1992,CONNECTICUT,CT,09,682318,355525,578313,1616156,42.22,35.78,22.0,6.44
1992,DISTRICT OF COLUMBIA,DC,11,192619,14255,20698,227572,84.64,9.1,6.26,75.54
1992,DELAWARE,DE,10,126054,61253,102313,289620,43.52,35.33,21.15,8.19
1992,FLORIDA,FL,12,2071698,1068384,2173310,5313392,38.99,40.9,20.11,-1.91
1992,GEORGIA,GA,13,1008966,316915,995252,2321133,43.47,42.88,13.65,0.59
1992,HAWAII,HI,15,179310,56710,136822,372842,48.09,36.7,15.21,11.39
1992,IOWA,IA,19,586353,263363,504891,1354607,43.29,37.27,19.44,6.02
1992,IDAHO,ID,16,137013,142456,202645,482114,28.42,42.03,29.55,-13.61
1992,ILLINOIS,IL,17,2453350,862711,1734096,5050157,48.58,34.34,17.08,14.24
1992,INDIANA,IN,18,848420,468076,989375,2305871,36.79,42.91,20.3,-6.12
1992,KANSAS,KS,20,390434,316851,449951,1157236,33.74,38.88,27.38,-5.14
1992,KENTUCKY,KY,21,665104,210618,617178,1492900,44.55,41.34,14.11,3.21
1992,LOUISIANA,LA,22,815971,240660,733386,1790017,45.58,40.97,13.44,4.61
1992,MASSACHUSETTS,MA,25,1318639,649986,805039,2773664,47.54,29.02,23.43,18.52
1992,MARYLAND,MD,24,988571,288915,707094,1984580,49.81,35.63,14.56,14.18
1992,MAINE,ME,23,263420,209575,206504,679499,38.77,30.39,30.84,8.38
1992,MICHIGAN,MI,26,1871182,848551,1554940,4274673,43.77,36.38,19.85,7.39
1992,MINNESOTA,MN,27,1020997,579110,747841,2347948,43.48,31.85,24.66,11.63
1992,MISSOURI,MO,29,1053873,526238,811159,2391270,44.07,33.92,22.01,10.15
1992,MISSISSIPPI,MS,28,400258,93742,487793,981793,40.77,49.68,9.55,-8.91
1992,MONTANA,MT,30,154507,111869,144207,410583,37.63,35.12,27.25,2.51
1992,NORTH CAROLINA,NC,37,1114042,363147,1134661,2611850,42.65,43.44,13.9,-0.79
1992,NORTH DAKOTA,ND,38,99168,72721,136244,308133,32.18,44.22,23.6,-12.04
1992,NEBRASKA,NE,31,216864,177004,343678,737546,29.4,46.6,24.0,-17.2
1992,NEW HAMPSHIRE,NH,33,209040,125691,202484,537215,38.91,37.69,23.4,1.22
1992,NEW JERSEY,NJ,34,1436206,550523,1356865,3343594,42.95,40.58,16.47,2.37
1992,NEW MEXICO,NM,35,261617,95545,212824,569986,45.9,37.34,16.76,8.56
1992,NEVADA,NV,32,189148,141342,175828,506318,37.36,34.73,27.92,2.63
1992,NEW YORK,NY,36,3346894,1690848,2041690,7079432,47.28,28.84,23.88,18.44
1992,OHIO,OH,39,1984942,1060715,1894310,4939967,40.18,38.35,21.47,1.83
1992,OKLAHOMA,OK,40,473066,324364,592929,1390359,34.02,42.65,23.33,-8.63
1992,OREGON,OR,41,621314,365572,475757,1462643,42.48,32.53,24.99,9.95
1992,PENNSYLVANIA,PA,42,2239164,928805,1791841,4959810,45.15,36.13,18.73,9.02
1992,RHODE ISLAND,RI,44,213299,108465,131601,453365,47.05,29.03,23.92,18.02
1992,SOUTH CAROLINA,SC,45,525514,125891,577507,1228912,42.76,46.99,10.24,-4.23
1992,SOUTH DAKOTA,SD,46,124888,74648,136718,336254,37.14,40.66,22.2,-3.52
1992,TENNESSEE,TN,47,933521,207817,841300,1982638,47.08,42.43,10.48,4.65
1992,TEXAS,TX,48,2281815,1376132,2496071,6154018,37.08,40.56,22.36,-3.48
1992,UTAH,UT,49,183429,237937,322632,743998,24.65,43.36,31.98,-18.71
1992,VIRGINIA,VA,51,1038650,369962,1150517,2559129,40.59,44.96,14.46,-4.37
1992,VERMONT,VT,50,133592,67987,88122,289701,46.11,30.42,23.47,15.69
1992,WASHINGTON,WA,53,993037,563294,731234,2287565,43.41,31.97,24.62,11.44
1992,WISCONSIN,WI,55,1041066,559143,930855,2531064,41.13,36.78,22.09,4.35
1992,WEST VIRGINIA,WV,54,331001,110702,241974,683677,48.41,35.39,16.19,13.02
1992,WYOMING,WY,56,68160,52377,79347,199884,34.1,39.7,26.2,-5.6
1996,ALASKA,AK,02,80380,38494,122746,241620,33.27,50.8,15.93,-17.53
1996,ALABAMA,AL,01,662165,103140,769044,1534349,43.16,50.12,6.72,-6.96
1996,ARKANSAS,AR,05,475171,83675,325416,884262,53.74,36.8,9.46,16.94
1996,ARIZONA,AZ,04,653288,129044,622073,1404405,46.52,44.29,9.19,2.23
1996,CALIFORNIA,CA,06,5119835,1071253,3828381,10019469,51.1,38.21,10.69,12.89
1996,COLORADO,CO,08,671152,147702,691848,1510702,44.43,45.8,9.78,-1.37
1996,CONNECTICUT,CT,09,735740,173765,483109,1392614,52.83,34.69,12.48,18.14
1996,DISTRICT OF COLUMBIA,DC,11,158220,10167,17339,185726,85.19,9.34,5.47,75.85
1996,DELAWARE,DE,10,140355,31393,99062,270810,51.83,36.58,11.59,15.25
1996,FLORIDA,FL,12,2546870,511748,2244536,5303154,48.03,42.32,9.65,5.71
1996,GEORGIA,GA,13,1053849,164207,1080843,2298899,45.84,47.02,7.14,-1.18
1996,HAWAII,HI,15,205012,41165,113943,360120,56.93,31.64,11.43,25.29
1996,IOWA,IA,19,620258,121173,492644,1234075,50.26,39.92,9.82,10.34
1996,IDAHO,ID,16,165443,69673,256595,491711,33.65,52.18,14.17,-18.53
1996,ILLINOIS,IL,17,2341744,382626,1587021,4311391,54.32,36.81,8.87,17.51
1996,INDIANA,IN,18,887424,241314,1006693,2135431,41.56,47.14,11.3,-5.58
1996,KANSAS,KS,20,387659,103396,583245,1074300,36.08,54.29,9.62,-18.21
1996,KENTUCKY,KY,21,636614,128811,623283,1388708,45.84,44.88,9.28,0.96
1996,LOUISIANA,LA,22,927837,143536,712586,1783959,52.01,39.94,8.05,12.07
1996,MASSACHUSETTS,MA,25,1571509,266892,718058,2556459,61.47,28.09,10.44,33.38
1996,MARYLAND,MD,24,966207,133133,681530,1780870,54.25,38.27,7.48,15.98
1996,MAINE,ME,23,312788,106731,186378,605897,51.62,30.76,17.62,20.86
1996,MICHIGAN,MI,26,1989653,377979,1481212,3848844,51.69,38.48,9.82,13.21
1996,MINNESOTA,MN,27,1120380,305717,766395,2192492,51.1,34.96,13.94,16.14
1996,MISSOURI,MO,29,1025935,242114,890016,2158065,47.54,41.24,11.22,6.3
1996,MISSISSIPPI,MS,28,394022,59997,439838,893857,44.08,49.21,6.71,-5.13
1996,MONTANA,MT,30,167922,59509,179652,407083,41.25,44.13,14.62,-2.88
1996,NORTH CAROLINA,NC,37,1107849,182020,1225938,2515807,44.04,48.73,7.24,-4.69
1996,NORTH DAKOTA,ND,38,106905,34456,125050,266411,40.13,46.94,12.93,-6.81
1996,NEBRASKA,NE,31,236761,77187,363467,677415,34.95,53.65,11.39,-18.7
1996,NEW HAMPSHIRE,NH,33,246166,53945,196486,496597,49.57,39.57,10.86,10.0
1996,NEW JERSEY,NJ,34,1652361,320400,1103099,3075860,53.72,35.86,10.42,17.86
1996,NEW MEXICO,NM,35,273495,49828,232751,556074,49.18,41.86,8.96,7.32
1996,NEVADA,NV,32,203974,61061,199244,464279,43.93,42.91,13.15,1.02
1996,NEW YORK,NY,36,3649630,1050792,1738707,6439129,56.68,27.0,16.32,29.68
1996,OHIO,OH,39,2148222,526329,1859883,4534434,47.38,41.02,11.61,6.36
1996,OKLAHOMA,OK,40,488105,136293,582315,1206713,40.45,48.26,11.29,-7.81
1996,OREGON,OR,41,649641,189967,538152,1377760,47.15,39.06,13.79,8.09
1996,PENNSYLVANIA,PA,42,2215819,484319,1801169,4501307,49.23,40.01,10.76,9.22
1996,RHODE ISLAND,RI,44,233050,52514,104683,390247,59.72,26.82,13.46,32.9
1996,SOUTH CAROLINA,SC,45,506152,70691,573339,1150182,44.01,49.85,6.15,-5.84
1996,SOUTH DAKOTA,SD,46,139333,33950,150543,323826,43.03,46.49,10.48,-3.46
1996,TENNESSEE,TN,47,909146,121429,863530,1894105,48.0,45.59,6.41,2.41
1996,TEXAS,TX,48,2459683,415794,2736167,5611644,43.83,48.76,7.41,-4.93
1996,UTAH,UT,49,221633,82085,361911,665629,33.3,54.37,12.33,-21.07
1996,VIRGINIA,VA,51,1091060,187232,1138350,2416642,45.15,47.1,7.75,-1.95
1996,VERMONT,VT,50,137894,40203,80352,258449,53.35,31.09,15.56,22.26
1996,WASHINGTON,WA,53,1123323,289802,840712,2253837,49.84,37.3,12.86,12.54
1996,WISCONSIN,WI,55,1071971,279169,845029,2196169,48.81,38.48,12.71,10.33
1996,WEST VIRGINIA,WV,54,327812,74701,233946,636459,51.51,36.76,11.74,14.75
1996,WYOMING,WY,56,77934,28249,105388,211571,36.84,49.81,13.35,-12.97
2000,ALASKA,AK,02,79004,39158,167398,285560,27.67,58.62,13.71,-30.95
2000,ALABAMA,AL,01,692611,32488,941173,1666272,41.57,56.48,1.95,-14.91
2000,ARKANSAS,AR,05,422768,26073,472940,921781,45.86,51.31,2.83,-5.45
2000,ARIZONA,AZ,04,685341,65023,781652,1532016,44.73,51.02,4.24,-6.29
2000,CALIFORNIA,CA,06,5861203,537190,4567429,10965822,53.45,41.65,4.9,11.8
2000,COLORADO,CO,08,738227,119393,883748,1741368,42.39,50.75,6.86,-8.36
2000,CONNECTICUT,CT,09,816015,82416,561094,1459525,55.91,38.44,5.65,17.47
2000,DISTRICT OF COLUMBIA,DC,11,171923,11898,18073,201894,85.16,8.95,5.89,76.21
2000,DELAWARE,DE,10,180068,10173,137288,327529,54.98,41.92,3.11,13.06
2000,FLORIDA,FL,12,2912253,138067,2912790,5963110,48.84,48.85,2.32,-0.01
2000,GEORGIA,GA,13,1116230,47258,1419720,2583208,43.21,54.96,1.83,-11.75
2000,HAWAII,HI,15,205286,24820,137845,367951,55.79,37.46,6.75,18.33
2000,IOWA,IA,19,638517,80132,634373,1353022,47.19,46.89,5.92,0.3
2000,IDAHO,ID,16,138637,26041,336937,501615,27.64,67.17,5.19,-39.53
2000,ILLINOIS,IL,17,2589026,133661,2019421,4742108,54.6,42.58,2.82,12.02
2000,INDIANA,IN,18,901980,51486,1245836,2199302,41.01,56.65,2.34,-15.64
2000,KANSAS,KS,20,399276,50608,622332,1072216,37.24,58.04,4.72,-20.8
2000,KENTUCKY,KY,21,638923,32663,872520,1544106,41.38,56.51,2.12,-15.13
2000,LOUISIANA,LA,22,792344,45441,927871,1765656,44.88,52.55,2.57,-7.67
2000,MASSACHUSETTS,MA,25,1616487,238975,878502,2733964,59.13,32.13,8.74,27.0
2000,MARYLAND,MD,24,1144008,67377,813827,2025212,56.49,40.18,3.33,16.31
2000,MAINE,ME,23,319951,45250,286616,651817,49.09,43.97,6.94,5.12
2000,MICHIGAN,MI,26,2170418,108944,1953139,4232501,51.28,46.15,2.57,5.13
2000,MINNESOTA,MN,27,1168266,160760,1109659,2438685,47.91,45.5,6.59,2.41
2000,MISSOURI,MO,29,1111138,58830,1189924,2359892,47.08,50.42,2.49,-3.34
2000,MISSISSIPPI,MS,28,404614,16726,572844,994184,40.7,57.62,1.68,-16.92
2000,MONTANA,MT,30,137126,33682,240178,410986,33.37,58.44,8.2,-25.07
2000,NORTH CAROLINA,NC,37,1257692,26135,1631163,2914990,43.15,55.96,0.9,-12.81
2000,NORTH DAKOTA,ND,38,95284,18120,174852,288256,33.06,60.66,6.29,-27.6
2000,NEBRASKA,NE,31,231780,31377,433862,697019,33.25,62.25,4.5,-29.0
2000,NEW HAMPSHIRE,NH,33,266348,29174,273559,569081,46.8,48.07,5.13,-1.27
2000,NEW JERSEY,NJ,34,1788850,114203,1284173,3187226,56.13,40.29,3.58,15.84
2000,NEW MEXICO,NM,35,286783,25405,286417,598605,47.91,47.85,4.24,0.06
2000,NEVADA,NV,32,279978,27873,301575,609426,45.94,49.49,4.57,-3.55
2000,NEW YORK,NY,36,3942215,759423,2258577,6960215,56.64,32.45,10.91,24.19
2000,OHIO,OH,39,2183628,168007,2350363,4701998,46.44,49.99,3.57,-3.55
2000,OKLAHOMA,OK,40,474276,15616,744337,1234229,38.43,60.31,1.27,-21.88
2000,OREGON,OR,41,720342,100031,713577,1533950,46.96,46.52,6.52,0.44
2000,PENNSYLVANIA,PA,42,2485967,145091,2281127,4912185,50.61,46.44,2.95,4.17
2000,RHODE ISLAND,RI,44,249508,29049,130555,409112,60.99,31.91,7.1,29.08
2000,SOUTH CAROLINA,SC,45,566037,30973,786892,1383902,40.9,56.86,2.24,-15.96
2000,SOUTH DAKOTA,SD,46,118804,6765,190700,316269,37.56,60.3,2.14,-22.74
2000,TENNESSEE,TN,47,981720,32512,1061949,2076181,47.28,51.15,1.57,-3.87
2000,TEXAS,TX,48,2433746,174252,3799639,6407637,37.98,59.3,2.72,-21.32
2000,UTAH,UT,49,203053,52605,515096,770754,26.34,66.83,6.83,-40.49
2000,VIRGINIA,VA,51,1217290,84667,1437490,2739447,44.44,52.47,3.09,-8.03
2000,VERMONT,VT,50,149022,25511,119775,294308,50.63,40.7,8.67,9.93
2000,WASHINGTON,WA,53,1247652,130917,1108864,2487433,50.16,44.58,5.26,5.58
2000,WISCONSIN,WI,55,1242987,118341,1237279,2598607,47.83,47.61,4.55,0.22
2000,WEST VIRGINIA,WV,54,295497,16152,336475,648124,45.59,51.92,2.49,-6.33
2000,WYOMING,WY,56,60481,5298,147947,213726,28.3,69.22,2.48,-40.92
2004,ALASKA,AK,02,111025,10684,190889,312598,35.52,61.07,3.42,-25.55
2004,ALABAMA,AL,01,693933,13088,1176394,1883415,36.84,62.46,0.69,-25.62
2004,ARKANSAS,AR,05,469953,12094,572898,1054945,44.55,54.31,1.15,-9.76
2004,ARIZONA,AZ,04,893524,14767,1104294,2012585,44.4,54.87,0.73,-10.47
2004,CALIFORNIA,CA,06,6745485,166042,5509826,12421353,54.31,44.36,1.34,9.95
2004,COLORADO,CO,08,1001732,26643,1101255,2129630,47.04,51.71,1.25,-4.67
2004,CONNECTICUT,CT,09,857488,27455,693826,1578769,54.31,43.95,1.74,10.36
2004,DISTRICT OF COLUMBIA,DC,11,202970,3360,21256,227586,89.18,9.34,1.48,79.84
2004,DELAWARE,DE,10,200152,3378,171660,375190,53.35,45.75,0.9,7.6
2004,FLORIDA,FL,12,3583544,61744,3964522,7609810,47.09,52.1,0.81,-5.01
2004,GEORGIA,GA,13,1366149,21472,1914254,3301875,41.37,57.97,0.65,-16.6
2004,HAWAII,HI,15,231708,3114,194191,429013,54.01,45.26,0.73,8.75
2004,IOWA,IA,19,741898,13053,751957,1506908,49.23,49.9,0.87,-0.67
2004,IDAHO,ID,16,181098,8043,409235,598376,30.26,68.39,1.34,-38.13
2004,ILLINOIS,IL,17,2891550,36826,2345946,5274322,54.82,44.48,0.7,10.34
2004,INDIANA,IN,18,969011,19553,1479438,2468002,39.26,59.94,0.79,-20.68
2004,KANSAS,KS,20,434993,16307,736456,1187756,36.62,62.0,1.37,-25.38
2004,KENTUCKY,KY,21,712733,13710,1069439,1795882,39.69,59.55,0.76,-19.86
2004,LOUISIANA,LA,22,820299,20638,1102169,1943106,42.22,56.72,1.06,-14.5
2004,MASSACHUSETTS,MA,25,1803800,52546,1071109,2927455,61.62,36.59,1.79,25.03
2004,MARYLAND,MD,24,1334500,25035,1024703,2384238,55.97,42.98,1.05,12.99
2004,MAINE,ME,23,396842,13709,330201,740752,53.57,44.58,1.85,8.99
2004,MICHIGAN,MI,26,2479183,46323,2313746,4839252,51.23,47.81,0.96,3.42
2004,MINNESOTA,MN,27,1445014,36678,1346695,2828387,51.09,47.61,1.3,3.48
2004,MISSOURI,MO,29,1259171,16480,1455713,2731364,46.1,53.3,0.6,-7.2
2004,MISSISSIPPI,MS,28,457766,9398,672660,1139824,40.16,59.01,0.82,-18.85
2004,MONTANA,MT,30,173710,10661,266063,450434,38.57,59.07,2.37,-20.5
2004,NORTH CAROLINA,NC,37,1525849,13992,1961166,3501007,43.58,56.02,0.4,-12.44
2004,NORTH DAKOTA,ND,38,111052,5130,196651,312833,35.5,62.86,1.64,-27.36
2004,NEBRASKA,NE,31,254328,11044,512814,778186,32.68,65.9,1.42,-33.22
2004,NEW HAMPSHIRE,NH,33,340511,6539,331237,678287,50.2,48.83,0.96,1.37
2004,NEW JERSEY,NJ,34,1911430,30258,1670003,3611691,52.92,46.24,0.84,6.68
2004,NEW MEXICO,NM,35,370942,8432,376930,756304,49.05,49.84,1.11,-0.79
2004,NEVADA,NV,32,397190,13707,418690,829587,47.88,50.47,1.65,-2.59
2004,NEW YORK,NY,36,4180755,460518,2806993,7448266,56.13,37.69,6.18,18.44
2004,OHIO,OH,39,2741165,26974,2859764,5627903,48.71,50.81,0.48,-2.1
2004,OKLAHOMA,OK,40,503966,0,959792,1463758,34.43,65.57,0.0,-31.14
2004,OREGON,OR,41,943163,26788,866831,1836782,51.35,47.19,1.46,4.16
2004,PENNSYLVANIA,PA,42,2938095,37648,2793847,5769590,50.92,48.42,0.65,2.5
2004,RHODE ISLAND,RI,44,259760,8328,169046,437134,59.42,38.67,1.91,20.75
2004,SOUTH CAROLINA,SC,45,661669,18057,937974,1617700,40.9,57.98,1.12,-17.08
2004,SOUTH DAKOTA,SD,46,149244,6387,232584,388215,38.44,59.91,1.65,-21.47
2004,TENNESSEE,TN,47,1036477,16467,1384375,2437319,42.53,56.8,0.68,-14.27
2004,TEXAS,TX,48,2832704,51128,4526917,7410749,38.22,61.09,0.69,-22.87
2004,UTAH,UT,49,241199,22903,663742,927844,26.0,71.54,2.47,-45.54
2004,VIRGINIA,VA,51,1454742,23714,1716959,3195415,45.53,53.73,0.74,-8.2
2004,VERMONT,VT,50,184067,7062,121180,312309,58.94,38.8,2.26,20.14
2004,WASHINGTON,WA,53,1510201,43989,1304894,2859084,52.82,45.64,1.54,7.18
2004,WISCONSIN,WI,55,1489504,29383,1478120,2997007,49.7,49.32,0.98,0.38
2004,WEST VIRGINIA,WV,54,326541,5473,423778,755792,43.21,56.07,0.72,-12.86
2004,WYOMING,WY,56,70776,5456,167629,243861,29.02,68.74,2.24,-39.72
2008,ALASKA,AK,02,123594,8762,193841,326197,37.89,59.42,2.69,-21.53
2008,ALABAMA,AL,01,813479,19794,1266546,2099819,38.74,60.32,0.94,-21.58
2008,ARKANSAS,AR,05,422310,26290,638017,1086617,38.86,58.72,2.42,-19.86
2008,ARIZONA,AZ,04,1034707,28657,1230111,2293475,45.12,53.64,1.25,-8.52
2008,CALIFORNIA,CA,06,8274473,275646,5011781,13561900,61.01,36.95,2.03,24.06
2008,COLORADO,CO,08,1288576,39196,1073589,2401361,53.66,44.71,1.63,8.95
2008,CONNECTICUT,CT,09,997772,19592,629428,1646792,60.59,38.22,1.19,22.37
2008,DISTRICT OF COLUMBIA,DC,11,245800,2686,17367,265853,92.46,6.53,1.01,85.93
2008,DELAWARE,DE,10,255459,4579,152374,412412,61.94,36.95,1.11,24.99
2008,FLORIDA,FL,12,4282074,63046,4045624,8390744,51.03,48.22,0.75,2.81
2008,GEORGIA,GA,13,1844123,31604,2048759,3924486,46.99,52.2,0.81,-5.21
2008,HAWAII,HI,15,325871,9627,120566,456064,71.45,26.44,2.11,45.01
2008,IOWA,IA,19,828940,25804,682379,1537123,53.93,44.39,1.68,9.54
2008,IDAHO,ID,16,236440,15670,403012,655122,36.09,61.52,2.39,-25.43
2008,ILLINOIS,IL,17,3419348,71844,2031179,5522371,61.92,36.78,1.3,25.14
2008,INDIANA,IN,18,1374039,31367,1345648,2751054,49.95,48.91,1.14,1.04
2008,KANSAS,KS,20,514765,21452,699655,1235872,41.65,56.61,1.74,-14.96
2008,KENTUCKY,KY,21,751985,26173,1048462,1826620,41.17,57.4,1.43,-16.23
2008,LOUISIANA,LA,22,782989,29497,1148275,1960761,39.93,58.56,1.5,-18.63
2008,MASSACHUSETTS,MA,25,1904097,90044,1108854,3102995,61.36,35.73,2.9,25.63
2008,MARYLAND,MD,24,1629467,42267,959862,2631596,61.92,36.47,1.61,25.45
2008,MAINE,ME,23,421923,13967,295273,731163,57.71,40.38,1.91,17.33
2008,MICHIGAN,MI,26,2872579,80378,2048639,5001596,57.43,40.96,1.61,16.47
2008,MINNESOTA,MN,27,1573354,61606,1275409,2910369,54.06,43.82,2.12,10.24
2008,MISSOURI,MO,29,1441911,37480,1445814,2925205,49.29,49.43,1.28,-0.14
2008,MISSISSIPPI,MS,28,554662,10606,724597,1289865,43.0,56.18,0.82,-13.18
2008,MONTANA,MT,30,231667,15679,242763,490109,47.27,49.53,3.2,-2.26
2008,NORTH CAROLINA,NC,37,2142651,39726,2128474,4310851,49.7,49.37,0.92,0.33
2008,NORTH DAKOTA,ND,38,141278,6742,168601,316621,44.62,53.25,2.13,-8.63
2008,NEBRASKA,NE,31,333319,14983,452979,801281,41.6,56.53,1.87,-14.93
2008,NEW HAMPSHIRE,NH,33,384826,9610,316534,710970,54.13,44.52,1.35,9.61
2008,NEW JERSEY,NJ,34,2215422,39608,1613207,3868237,57.27,41.7,1.02,15.57
2008,NEW MEXICO,NM,35,472422,10904,346832,830158,56.91,41.78,1.31,15.13
2008,NEVADA,NV,32,533736,21285,412827,967848,55.15,42.65,2.2,12.5
2008,NEW YORK,NY,36,4645332,658364,2418323,7722019,60.16,31.32,8.53,28.84
2008,OHIO,OH,39,2940044,90486,2677820,5708350,51.5,46.91,1.59,4.59
2008,OKLAHOMA,OK,40,502496,0,960165,1462661,34.35,65.65,0.0,-31.3
2008,OREGON,OR,41,1037291,52098,738475,1827864,56.75,40.4,2.85,16.35
2008,PENNSYLVANIA,PA,42,3276363,81024,2655885,6013272,54.49,44.17,1.35,10.32
2008,RHODE ISLAND,RI,44,296571,9804,165391,471766,62.86,35.06,2.08,27.8
2008,SOUTH CAROLINA,SC,45,862449,23624,1034896,1920969,44.9,53.87,1.23,-8.97
2008,SOUTH DAKOTA,SD,46,170924,7997,203054,381975,44.75,53.16,2.09,-8.41
2008,TENNESSEE,TN,47,1087437,33134,1479178,2599749,41.83,56.9,1.27,-15.07
2008,TEXAS,TX,48,3528633,69834,4479328,8077795,43.68,55.45,0.86,-11.77
2008,UTAH,UT,49,327670,28670,596030,952370,34.41,62.58,3.01,-28.17
2008,VIRGINIA,VA,51,1959532,38723,1725005,3723260,52.63,46.33,1.04,6.3
2008,VERMONT,VT,50,219262,6810,98974,325046,67.46,30.45,2.1,37.01
2008,WASHINGTON,WA,53,1750848,56814,1229216,3036878,57.65,40.48,1.87,17.17
2008,WISCONSIN,WI,55,1677211,43813,1262393,2983417,56.22,42.31,1.47,13.91
2008,WEST VIRGINIA,WV,54,303857,12128,397466,713451,42.59,55.71,1.7,-13.12
2008,WYOMING,WY,56,82868,7078,164958,254904,32.51,64.71,2.78,-32.2
2012,ALASKA,AK,02,122640,13179,164676,300495,40.81,54.8,4.39,-13.99
2012,ALABAMA,AL,01,795696,22717,1255925,2074338,38.36,60.55,1.1,-22.19
2012,ARKANSAS,AR,05,394409,27315,647744,1069468,36.88,60.57,2.55,-23.69
2012,ARIZONA,AZ,04,1025232,40368,1233654,2299254,44.59,53.65,1.76,-9.06
2012,CALIFORNIA,CA,06,7854285,344304,4839958,13038547,60.24,37.12,2.64,23.12
2012,COLORADO,CO,08,1323101,61172,1185243,2569516,51.49,46.13,2.38,5.36
2012,CONNECTICUT,CT,09,905083,18229,634892,1558204,58.09,40.75,1.17,17.34
2012,DISTRICT OF COLUMBIA,DC,11,267070,5313,21381,293764,90.91,7.28,1.81,83.63
2012,DELAWARE,DE,10,242584,5822,165484,413890,58.61,39.98,1.41,18.63
2012,FLORIDA,FL,12,4237756,72976,4163447,8474179,50.01,49.13,0.86,0.88
2012,GEORGIA,GA,13,1773827,45324,2078688,3897839,45.51,53.33,1.16,-7.82
2012,HAWAII,HI,15,306658,9486,121015,437159,70.15,27.68,2.17,42.47
2012,IOWA,IA,19,822544,29019,730617,1582180,51.99,46.18,1.83,5.81
2012,IDAHO,ID,16,212787,18576,420911,652274,32.62,64.53,2.85,-31.91
2012,ILLINOIS,IL,17,3019512,87286,2135216,5242014,57.6,40.73,1.67,16.87
2012,INDIANA,IN,18,1152887,51104,1420543,2624534,43.93,54.13,1.95,-10.2
2012,KANSAS,KS,20,440726,26611,692634,1159971,37.99,59.71,2.29,-21.72
2012,KENTUCKY,KY,21,679370,30652,1087190,1797212,37.8,60.49,1.71,-22.69
2012,LOUISIANA,LA,22,809141,32662,1152262,1994065,40.58,57.78,1.64,-17.2
2012,MASSACHUSETTS,MA,25,1921290,74592,1188314,3184196,60.34,37.32,2.34,23.02
2012,MARYLAND,MD,24,1677844,57614,971869,2707327,61.97,35.9,2.13,26.07
2012,MAINE,ME,23,401306,31176,292276,724758,55.37,40.33,4.3,15.04
2012,MICHIGAN,MI,26,2564569,51136,2115256,4730961,54.21,44.71,1.08,9.5
2012,MINNESOTA,MN,27,1546167,70169,1320225,2936561,52.65,44.96,2.39,7.69
2012,MISSOURI,MO,29,1223796,51087,1482440,2757323,44.38,53.76,1.85,-9.38
2012,MISSISSIPPI,MS,28,562949,11889,710746,1285584,43.79,55.29,0.92,-11.5
2012,MONTANA,MT,30,201839,14281,267928,484048,41.7,55.35,2.95,-13.65
2012,NORTH CAROLINA,NC,37,2178391,56586,2270395,4505372,48.35,50.39,1.26,-2.04
2012,NORTH DAKOTA,ND,38,124966,9646,188320,322932,38.7,58.32,2.99,-19.62
2012,NEBRASKA,NE,31,302081,17234,475064,794379,38.03,59.8,2.17,-21.77
2012,NEW HAMPSHIRE,NH,33,369561,11493,329918,710972,51.98,46.4,1.62,5.58
2012,NEW JERSEY,NJ,34,2122786,37625,1478088,3638499,58.34,40.62,1.03,17.72
2012,NEW MEXICO,NM,35,415335,32635,335788,783758,52.99,42.84,4.16,10.15
2012,NEVADA,NV,32,531373,19978,463567,1014918,52.36,45.68,1.97,6.68
2012,NEW YORK,NY,36,4324228,569159,2223397,7116784,60.76,31.24,8.0,29.52
2012,OHIO,OH,39,2827621,91794,2661407,5580822,50.67,47.69,1.64,2.98
2012,OKLAHOMA,OK,40,443547,0,891325,1334872,33.23,66.77,0.0,-33.54
2012,OREGON,OR,41,970488,64607,754175,1789270,54.24,42.15,3.61,12.09
2012,PENNSYLVANIA,PA,42,2990274,71332,2680434,5742040,52.08,46.68,1.24,5.4
2012,RHODE ISLAND,RI,44,279677,9168,157204,446049,62.7,35.24,2.06,27.46
2012,SOUTH CAROLINA,SC,45,865941,26532,1071645,1964118,44.09,54.56,1.35,-10.47
2012,SOUTH DAKOTA,SD,46,145039,8166,210610,363815,39.87,57.89,2.24,-18.02
2012,TENNESSEE,TN,47,960709,35538,1462330,2458577,39.08,59.48,1.45,-20.4
2012,TEXAS,TX,48,3308124,115884,4569843,7993851,41.38,57.17,1.45,-15.79
2012,UTAH,UT,49,251813,25027,740600,1017440,24.75,72.79,2.46,-48.04
2012,VIRGINIA,VA,51,1971820,60147,1822522,3854489,51.16,47.28,1.56,3.88
2012,VERMONT,VT,50,199239,7353,92698,299290,66.57,30.97,2.46,35.6
2012,WASHINGTON,WA,53,1755396,79450,1290670,3125516,56.16,41.29,2.54,14.87
2012,WISCONSIN,WI,55,1620985,39483,1410966,3071434,52.78,45.94,1.29,6.84
2012,WEST VIRGINIA,WV,54,238269,14514,417655,670438,35.54,62.3,2.16,-26.76
2012,WYOMING,WY,56,69286,10453,170962,250701,27.64,68.19,4.17,-40.55
2016,ALASKA,AK,02,116454,38767,163387,318608,36.55,51.28,12.17,-14.73
2016,ALABAMA,AL,01,729547,75570,1318255,2123372,34.36,62.08,3.56,-27.72
2016,ARKANSAS,AR,05,380494,65269,684872,1130635,33.65,60.57,5.77,-26.92
2016,ARIZONA,AZ,04,1161209,159555,1252401,2573165,45.13,48.67,6.2,-3.54
2016,CALIFORNIA,CA,06,8753788,943997,4483810,14181595,61.73,31.62,6.66,30.11
2016,COLORADO,CO,08,1338870,238866,1202484,2780220,48.16,43.25,8.59,4.91
2016,CONNECTICUT,CT,09,897572,74133,673215,1644920,54.57,40.93,4.51,13.64
2016,DISTRICT OF COLUMBIA,DC,11,282830,17022,12723,312575,90.48,4.07,5.45,86.41
2016,DELAWARE,DE,10,235603,20860,185127,441590,53.35,41.92,4.72,11.43
2016,FLORIDA,FL,12,4504975,297178,4617886,9420039,47.82,49.02,3.15,-1.2
2016,GEORGIA,GA,13,1877963,147665,2089104,4114732,45.64,50.77,3.59,-5.13
2016,HAWAII,HI,15,266891,41926,128847,437664,60.98,29.44,9.58,31.54
2016,IOWA,IA,19,653669,110928,800983,1565580,41.75,51.16,7.09,-9.41
2016,IDAHO,ID,16,189765,91435,409055,690255,27.49,59.26,13.25,-31.77
2016,ILLINOIS,IL,17,3090729,299680,2146015,5536424,55.83,38.76,5.41,17.07
2016,INDIANA,IN,18,1033126,144546,1557286,2734958,37.77,56.94,5.29,-19.17
2016,KANSAS,KS,20,427005,86379,671018,1184402,36.05,56.65,7.29,-20.6
2016,KENTUCKY,KY,21,628854,92324,1202971,1924149,32.68,62.52,4.8,-29.84
2016,LOUISIANA,LA,22,780154,70240,1178638,2029032,38.45,58.09,3.46,-19.64
2016,MASSACHUSETTS,MA,25,1995196,292732,1090893,3378821,59.05,32.29,8.66,26.76
2016,MARYLAND,MD,24,1678006,160012,943428,2781446,60.33,33.92,5.75,26.41
2016,MAINE,ME,23,357735,78564,335593,771892,46.35,43.48,10.18,2.87
2016,MICHIGAN,MI,26,2268839,250902,2279543,4799284,47.27,47.5,5.23,-0.23
2016,MINNESOTA,MN,27,1367705,254128,1322949,2944782,46.45,44.93,8.63,1.52
2016,MISSOURI,MO,29,1071068,143026,1594511,2808605,38.14,56.77,5.09,-18.63
2016,MISSISSIPPI,MS,28,485131,23512,700714,1209357,40.11,57.94,1.94,-17.83
2016,MONTANA,MT,30,177709,37577,279240,494526,35.94,56.47,7.6,-20.53
2016,NORTH CAROLINA,NC,37,2189316,189617,2362631,4741564,46.17,49.83,4.0,-3.66
2016,NORTH DAKOTA,ND,38,93758,33808,216794,344360,27.23,62.96,9.82,-35.73
2016,NEBRASKA,NE,31,284494,63772,495961,844227,33.7,58.75,7.55,-25.05
2016,NEW HAMPSHIRE,NH,33,348526,49980,345790,744296,46.83,46.46,6.72,0.37
2016,NEW JERSEY,NJ,34,2148278,123835,1601933,3874046,55.45,41.35,3.2,14.1
2016,NEW MEXICO,NM,35,385234,93418,319667,798319,48.26,40.04,11.7,8.22
2016,NEVADA,NV,32,539260,74067,512058,1125385,47.92,45.5,6.58,2.42
2016,NEW YORK,NY,36,4379789,895153,2527142,7802084,56.14,32.39,11.47,23.75
2016,OHIO,OH,39,2394164,261318,2841005,5496487,43.56,51.69,4.75,-8.13
2016,OKLAHOMA,OK,40,420375,83481,949136,1452992,28.93,65.32,5.75,-36.39
2016,OREGON,OR,41,1002106,216827,782403,2001336,50.07,39.09,10.83,10.98
2016,PENNSYLVANIA,PA,42,2926441,218228,2970733,6115402,47.85,48.58,3.57,-0.73
2016,RHODE ISLAND,RI,44,252525,31076,180543,464144,54.41,38.9,6.7,15.51
2016,SOUTH CAROLINA,SC,45,855373,92265,1155389,2103027,40.67,54.94,4.39,-14.27
2016,SOUTH DAKOTA,SD,46,117458,24914,227721,370093,31.74,61.53,6.73,-29.79
2016,TENNESSEE,TN,47,870695,114407,1522925,2508027,34.72,60.72,4.56,-26.0
2016,TEXAS,TX,48,3877868,406311,4685047,8969226,43.24,52.23,4.53,-8.99
2016,UTAH,UT,49,310674,305432,515211,1131317,27.46,45.54,27.0,-18.08
2016,VIRGINIA,VA,51,1981473,231836,1769443,3982752,49.75,44.43,5.82,5.32
2016,VERMONT,VT,50,178573,46525,95369,320467,55.72,29.76,14.52,25.96
2016,WASHINGTON,WA,53,1742718,352554,1221747,3317019,52.54,36.83,10.63,15.71
2016,WISCONSIN,WI,55,1382536,188330,1405284,2976150,46.45,47.22,6.33,-0.77
2016,WEST VIRGINIA,WV,54,188794,34886,489371,713051,26.48,68.63,4.89,-42.15
2016,WYOMING,WY,56,55973,28396,174419,258788,21.63,67.4,10.97,-45.77
2020,ALASKA,AK,02,153778,15801,189951,359530,42.77,52.83,4.39,-10.06
2020,ALABAMA,AL,01,849624,32488,1441170,2323282,36.57,62.03,1.4,-25.46
2020,ARKANSAS,AR,05,423932,34490,760647,1219069,34.78,62.4,2.83,-27.62
2020,ARIZONA,AZ,04,1672143,53497,1661686,3387326,49.36,49.06,1.58,0.3
2020,CALIFORNIA,CA,06,11110250,384202,6006429,17500881,63.48,34.32,2.2,29.16
2020,COLORADO,CO,08,1804352,111021,1364607,3279980,55.01,41.6,3.38,13.41
2020,CONNECTICUT,CT,09,1080831,28309,714717,1823857,59.26,39.19,1.55,20.07
2020,DISTRICT OF COLUMBIA,DC,11,317323,8447,18586,344356,92.15,5.4,2.45,86.75
2020,DELAWARE,DE,10,296268,7475,200603,504346,58.74,39.77,1.48,18.97
2020,FLORIDA,FL,12,5297045,101680,5668731,11067456,47.86,51.22,0.92,-3.36
2020,GEORGIA,GA,13,2473633,64473,2461854,4999960,49.47,49.24,1.29,0.23
2020,HAWAII,HI,15,366130,16790,196864,579784,63.15,33.95,2.9,29.2
2020,IOWA,IA,19,759061,43397,897672,1700130,44.65,52.8,2.55,-8.15
2020,IDAHO,ID,16,287021,26874,554119,868014,33.07,63.84,3.1,-30.77
2020,ILLINOIS,IL,17,3471915,114937,2446891,6033743,57.54,40.55,1.9,16.99
2020,INDIANA,IN,18,1242416,61183,1729519,3033118,40.96,57.02,2.02,-16.06
2020,KANSAS,KS,20,570323,30574,771406,1372303,41.56,56.21,2.23,-14.65
2020,KENTUCKY,KY,21,772474,37648,1326646,2136768,36.15,62.09,1.76,-25.94
2020,LOUISIANA,LA,22,856034,36252,1255776,2148062,39.85,58.46,1.69,-18.61
2020,MASSACHUSETTS,MA,25,2382202,108601,1167202,3658005,65.12,31.91,2.97,33.21
2020,MARYLAND,MD,24,1985023,75593,976414,3037030,65.36,32.15,2.49,33.21
2020,MAINE,ME,23,435072,32496,360737,828305,52.53,43.55,3.92,8.98
2020,MICHIGAN,MI,26,2804040,85410,2649852,5539302,50.62,47.84,1.54,2.78
2020,MINNESOTA,MN,27,1717077,76029,1484065,3277171,52.4,45.28,2.32,7.12
2020,MISSOURI,MO,29,1253014,54212,1718736,3025962,41.41,56.8,1.79,-15.39
2020,MISSISSIPPI,MS,28,539398,17597,756764,1313759,41.06,57.6,1.34,-16.54
2020,MONTANA,MT,30,244786,15286,343602,603674,40.55,56.92,2.53,-16.37
2020,NORTH CAROLINA,NC,37,2684292,81737,2758773,5524802,48.59,49.93,1.48,-1.34
2020,NORTH DAKOTA,ND,38,114902,11322,235595,361819,31.76,65.11,3.13,-33.35
2020,NEBRASKA,NE,31,374583,24954,556846,956383,39.17,58.22,2.61,-19.05
2020,NEW HAMPSHIRE,NH,33,424921,15607,365654,806182,52.71,45.36,1.94,7.35
2020,NEW JERSEY,NJ,34,2608335,57744,1883274,4549353,57.33,41.4,1.27,15.93
2020,NEW MEXICO,NM,35,501614,20457,401894,923965,54.29,43.5,2.21,10.79
2020,NEVADA,NV,32,703486,32000,669890,1405376,50.06,47.67,2.28,2.39
2020,NEW YORK,NY,36,5230985,185952,3244798,8661735,60.39,37.46,2.15,22.93
2020,OHIO,OH,39,2679165,88203,3154834,5922202,45.24,53.27,1.49,-8.03
2020,OKLAHOMA,OK,40,503890,36529,1020280,1560699,32.29,65.37,2.34,-33.08
2020,OREGON,OR,41,1340383,75490,958448,2374321,56.45,40.37,3.18,16.08
2020,PENNSYLVANIA,PA,42,3458229,79380,3377674,6915283,50.01,48.84,1.15,1.17
2020,RHODE ISLAND,RI,44,307486,9582,199922,516990,59.48,38.67,1.85,20.81
2020,SOUTH CAROLINA,SC,45,1091541,37452,1385103,2514096,43.42,55.09,1.49,-11.67
2020,SOUTH DAKOTA,SD,46,150471,11095,261043,422609,35.61,61.77,2.63,-26.16
2020,TENNESSEE,TN,47,1143711,57665,1852475,3053851,37.45,60.66,1.89,-23.21
2020,TEXAS,TX,48,5259126,165583,5890347,11315056,46.48,52.06,1.46,-5.58
2020,UTAH,UT,49,560282,62867,865140,1488289,37.65,58.13,4.22,-20.48
2020,VIRGINIA,VA,51,2413568,84526,1962430,4460524,54.11,44.0,1.89,10.11
2020,VERMONT,VT,50,242820,15444,112704,370968,65.46,30.38,4.16,35.08
2020,WASHINGTON,WA,53,2369612,133368,1584651,4087631,57.97,38.77,3.26,19.2
2020,WISCONSIN,WI,55,1630866,56991,1610184,3298041,49.45,48.82,1.73,0.63
2020,WEST VIRGINIA,WV,54,235984,13286,545382,794652,29.7,68.63,1.67,-38.93
2020,WYOMING,WY,56,73491,11453,193559,278503,26.39,69.5,4.11,-43.11
